模型,外折,trial,内层CV_AUC
LogisticRegression,1,1,0.5
LogisticRegression,1,2,0.753492308965131
LogisticRegression,1,3,0.7691167936886477
LogisticRegression,1,4,0.5
LogisticRegression,1,5,0.7535941348301737
LogisticRegression,1,6,0.7474048868315436
LogisticRegression,1,7,0.5
LogisticRegression,1,8,0.7504388347649703
LogisticRegression,1,9,0.7443427342906123
LogisticRegression,1,10,0.5
LogisticRegression,1,11,0.7463104034213491
LogisticRegression,1,12,0.7654394914260886
LogisticRegression,1,13,0.7768558487099068
LogisticRegression,1,14,0.7673008508823848
LogisticRegression,1,15,0.7493032738751279
LogisticRegression,1,16,0.5724971231300345
LogisticRegression,1,17,0.749875321170928
LogisticRegression,1,18,0.771908326636547
LogisticRegression,1,19,0.7467785999059268
LogisticRegression,1,20,0.7646766652723466
LogisticRegression,2,1,0.7606762394550928
LogisticRegression,2,2,0.7772439151813687
LogisticRegression,2,3,0.7562964255071477
LogisticRegression,2,4,0.7559367082822034
LogisticRegression,2,5,0.7744505019263023
LogisticRegression,2,6,0.781523928210451
LogisticRegression,2,7,0.7916314470670391
LogisticRegression,2,8,0.7550395124855288
LogisticRegression,2,9,0.770092383830284
LogisticRegression,2,10,0.7690911925833742
LogisticRegression,2,11,0.7907277425147864
LogisticRegression,2,12,0.7909834642894955
LogisticRegression,2,13,0.7901123035151331
LogisticRegression,2,14,0.7908924863504163
LogisticRegression,2,15,0.7906497820868633
LogisticRegression,2,16,0.7917788342211276
LogisticRegression,2,17,0.7902640298396069
LogisticRegression,2,18,0.791770155880357
LogisticRegression,2,19,0.7901707376763222
LogisticRegression,2,20,0.7916488037485804
LogisticRegression,3,1,0.7463122837285159
LogisticRegression,3,2,0.7694941568731591
LogisticRegression,3,3,0.7500245886321836
LogisticRegression,3,4,0.5
LogisticRegression,3,5,0.765279086760844
LogisticRegression,3,6,0.7669671686797525
LogisticRegression,3,7,0.7561836070771291
LogisticRegression,3,8,0.7853813060440015
LogisticRegression,3,9,0.7560383895082331
LogisticRegression,3,10,0.7489908536073838
LogisticRegression,3,11,0.7876113503440383
LogisticRegression,3,12,0.7880014417616801
LogisticRegression,3,13,0.7880014417616801
LogisticRegression,3,14,0.7872342764375526
LogisticRegression,3,15,0.7862936889370248
LogisticRegression,3,16,0.7878735808743255
LogisticRegression,3,17,0.786423719409572
LogisticRegression,3,18,0.7874487760936012
LogisticRegression,3,19,0.5
LogisticRegression,3,20,0.7880014417616801
LogisticRegression,4,1,0.7863262327149148
LogisticRegression,4,2,0.778472623595483
LogisticRegression,4,3,0.7755448406974841
LogisticRegression,4,4,0.7633483005783824
LogisticRegression,4,5,0.5
LogisticRegression,4,6,0.7800373284364349
LogisticRegression,4,7,0.5
LogisticRegression,4,8,0.7809193371367608
LogisticRegression,4,9,0.5
LogisticRegression,4,10,0.7614542527051834
LogisticRegression,4,11,0.790974641309712
LogisticRegression,4,12,0.7906062457439971
LogisticRegression,4,13,0.7916074369909069
LogisticRegression,4,14,0.7917244499522981
LogisticRegression,4,15,0.7905217765604959
LogisticRegression,4,16,0.7889896154974338
LogisticRegression,4,17,0.7909572846281708
LogisticRegression,4,18,0.7367989419366934
LogisticRegression,4,19,0.7859491588084291
LogisticRegression,4,20,0.7919780021418145
LogisticRegression,5,1,0.5
LogisticRegression,5,2,0.7776208444488416
LogisticRegression,5,3,0.76164069239274
LogisticRegression,5,4,0.7602645968245372
LogisticRegression,5,5,0.751758376479151
LogisticRegression,5,6,0.7800892538420462
LogisticRegression,5,7,0.774762488277008
LogisticRegression,5,8,0.7541616983165754
LogisticRegression,5,9,0.7731350101044816
LogisticRegression,5,10,0.7618032666431773
LogisticRegression,5,11,0.7622322659552742
LogisticRegression,5,12,0.7818619495834686
LogisticRegression,5,13,0.7831492367977848
LogisticRegression,5,14,0.7813461668636651
LogisticRegression,5,15,0.7804988715264217
LogisticRegression,5,16,0.7763400659901033
LogisticRegression,5,17,0.7750008533701758
LogisticRegression,5,18,0.7703457913807875
LogisticRegression,5,19,0.7807394062047822
LogisticRegression,5,20,0.7926886136119196
RandomForest,1,1,0.7561990834515034
RandomForest,1,2,0.7803364419149975
RandomForest,1,3,0.7775603853414724
RandomForest,1,4,0.7673682526623703
RandomForest,1,5,0.7629062837551296
RandomForest,1,6,0.7704544152794338
RandomForest,1,7,0.7737678057856763
RandomForest,1,8,0.7703287239772719
RandomForest,1,9,0.7737678057856763
RandomForest,1,10,0.7544631260193434
RandomForest,1,11,0.7722855451820454
RandomForest,1,12,0.7775603853414724
RandomForest,1,13,0.7830128422086724
RandomForest,1,14,0.7771529372422895
RandomForest,1,15,0.7803364419149975
RandomForest,1,16,0.7770250763549349
RandomForest,1,17,0.7731154838377474
RandomForest,1,18,0.7792247464622744
RandomForest,1,19,0.7710025971381146
RandomForest,1,20,0.7838926813238056
RandomForest,2,1,0.7991860873469213
RandomForest,2,2,0.7787371683499754
RandomForest,2,3,0.7998188830281161
RandomForest,2,4,0.7797165191059457
RandomForest,2,5,0.7780436242833858
RandomForest,2,6,0.7778897283737195
RandomForest,2,7,0.7996823437999909
RandomForest,2,8,0.8027683617780417
RandomForest,2,9,0.7743768806687644
RandomForest,2,10,0.7746888670194702
RandomForest,2,11,0.8000572481212839
RandomForest,2,12,0.8000572481212839
RandomForest,2,13,0.8033664440961537
RandomForest,2,14,0.7973830174128015
RandomForest,2,15,0.8017194396568931
RandomForest,2,16,0.803593961263358
RandomForest,2,17,0.8055270616700252
RandomForest,2,18,0.8057806138595417
RandomForest,2,19,0.8033859703628877
RandomForest,2,20,0.8057806138595417
RandomForest,3,1,0.7978747900564729
RandomForest,3,2,0.7946869462133795
RandomForest,3,3,0.7891001197032471
RandomForest,3,4,0.7939436463263716
RandomForest,3,5,0.775921769964957
RandomForest,3,6,0.7983753856799277
RandomForest,3,7,0.7775472231913035
RandomForest,3,8,0.7955819724248615
RandomForest,3,9,0.7985942245063615
RandomForest,3,10,0.7887208762115687
RandomForest,3,11,0.7936575503589651
RandomForest,3,12,0.8031235951935877
RandomForest,3,13,0.7988694725478046
RandomForest,3,14,0.8004471948999127
RandomForest,3,15,0.7990146901167005
RandomForest,3,16,0.8004471948999127
RandomForest,3,17,0.7959265025534572
RandomForest,3,18,0.7988911683997313
RandomForest,3,19,0.7786243499199568
RandomForest,3,20,0.7952092376887613
RandomForest,4,1,0.7866427028750186
RandomForest,4,2,0.785429181557253
RandomForest,4,3,0.7919694684400568
RandomForest,4,4,0.7822890685883985
RandomForest,4,5,0.798373360733748
RandomForest,4,6,0.7783990023379451
RandomForest,4,7,0.7866492116305966
RandomForest,4,8,0.7809323546479168
RandomForest,4,9,0.7760412417895665
RandomForest,4,10,0.7904893774216187
RandomForest,4,11,0.786133428910793
RandomForest,4,12,0.7981176389590386
RandomForest,4,13,0.798373360733748
RandomForest,4,14,0.798373360733748
RandomForest,4,15,0.798373360733748
RandomForest,4,16,0.8002717477773323
RandomForest,4,17,0.7979745909753356
RandomForest,4,18,0.7924917599154382
RandomForest,4,19,0.7838601375459157
RandomForest,4,20,0.7924917599154382
RandomForest,5,1,0.7606762394550927
RandomForest,5,2,0.7631880405521508
RandomForest,5,3,0.7690327584221851
RandomForest,5,4,0.757280404711529
RandomForest,5,5,0.7549789087391471
RandomForest,5,6,0.7536851127692529
RandomForest,5,7,0.7456580814734203
RandomForest,5,8,0.7608279657795668
RandomForest,5,9,0.7547145086236672
RandomForest,5,10,0.76769774033363
RandomForest,5,11,0.7686383278341581
RandomForest,5,12,0.7686383278341581
RandomForest,5,13,0.7639682233874341
RandomForest,5,14,0.7690327584221851
RandomForest,5,15,0.7611531142804412
RandomForest,5,16,0.7690327584221851
RandomForest,5,17,0.7542160825854051
RandomForest,5,18,0.7603729314451578
RandomForest,5,19,0.7689200846311793
RandomForest,5,20,0.7573778914061863
XGBoost,1,1,0.7748297454179807
XGBoost,1,2,0.7463711518067436
XGBoost,1,3,0.7825967157687188
XGBoost,1,4,0.766310796839464
XGBoost,1,5,0.7211155891349487
XGBoost,1,6,0.72173753689018
XGBoost,1,7,0.7432766001269352
XGBoost,1,8,0.7377158086391148
XGBoost,1,9,0.7640765580080547
XGBoost,1,10,0.7413586868166169
XGBoost,1,11,0.7771030367828581
XGBoost,1,12,0.7786612328682322
XGBoost,1,13,0.7747062237010116
XGBoost,1,14,0.7752220064208152
XGBoost,1,15,0.7583380051734482
XGBoost,1,16,0.7676002536389729
XGBoost,1,17,0.7793524627106162
XGBoost,1,18,0.778340423537743
XGBoost,1,19,0.776899385052773
XGBoost,1,20,0.7654980702262906
XGBoost,2,1,0.8083551882881741
XGBoost,2,2,0.8137797298258951
XGBoost,2,3,0.8056420496852366
XGBoost,2,4,0.798286721965054
XGBoost,2,5,0.7838017033847264
XGBoost,2,6,0.8068275110345103
XGBoost,2,7,0.8024390187457947
XGBoost,2,8,0.8076053796455881
XGBoost,2,9,0.7843672419249486
XGBoost,2,10,0.8066302234209903
XGBoost,2,11,0.8176304542648548
XGBoost,2,12,0.8149562235563724
XGBoost,2,13,0.8109362714723846
XGBoost,2,14,0.8136993105347535
XGBoost,2,15,0.796470779158791
XGBoost,2,16,0.8088838438801208
XGBoost,2,17,0.8044305533136509
XGBoost,2,18,0.8126028021783793
XGBoost,2,19,0.8079217051666792
XGBoost,2,20,0.8084224454291468
XGBoost,3,1,0.7989106946664654
XGBoost,3,2,0.7974456461053632
XGBoost,3,3,0.8057349079314827
XGBoost,3,4,0.7925199645229428
XGBoost,3,5,0.797090412689817
XGBoost,3,6,0.8030217693285452
XGBoost,3,7,0.7922315543313309
XGBoost,3,8,0.7970859288804188
XGBoost,3,9,0.7940389634358361
XGBoost,3,10,0.7861332842717802
XGBoost,3,11,0.7860726805253982
XGBoost,3,12,0.8007311212821264
XGBoost,3,13,0.8001610989325063
XGBoost,3,14,0.7915424940741396
XGBoost,3,15,0.7892820755814055
XGBoost,3,16,0.7926064586526239
XGBoost,3,17,0.8019294555035433
XGBoost,3,18,0.7933976340528835
XGBoost,3,19,0.7996281041701742
XGBoost,3,20,0.7844560502788352
XGBoost,4,1,0.7751809289411673
XGBoost,4,2,0.7795345632277874
XGBoost,4,3,0.7828026817230094
XGBoost,4,4,0.7862223819036923
XGBoost,4,5,0.7756489807867322
XGBoost,4,6,0.7814352644955772
XGBoost,4,7,0.7774997815950906
XGBoost,4,8,0.783179755629495
XGBoost,4,9,0.7732455143102946
XGBoost,4,10,0.7815608111587262
XGBoost,4,11,0.756853430345612
XGBoost,4,12,0.7836326203787113
XGBoost,4,13,0.783259885642611
XGBoost,4,14,0.7795454111537508
XGBoost,4,15,0.7674073051958383
XGBoost,4,16,0.788606177474383
XGBoost,4,17,0.7809388634034948
XGBoost,4,18,0.7727061554313975
XGBoost,4,19,0.7722985626932015
XGBoost,4,20,0.7829195500453877
XGBoost,5,1,0.7500120050380662
XGBoost,5,2,0.7603534051784239
XGBoost,5,3,0.7571677309205231
XGBoost,5,4,0.7507573298712539
XGBoost,5,5,0.7458032990423161
XGBoost,5,6,0.7542291000965612
XGBoost,5,7,0.7522614309658241
XGBoost,5,8,0.7559997708918037
XGBoost,5,9,0.7416511469005885
XGBoost,5,10,0.7441953471365236
XGBoost,5,11,0.7631878959131378
XGBoost,5,12,0.762687300289683
XGBoost,5,13,0.7656020656765258
XGBoost,5,14,0.7616861090427732
XGBoost,5,15,0.7597421607101428
XGBoost,5,16,0.7188768664941413
XGBoost,5,17,0.7447740478269145
XGBoost,5,18,0.7599242612273142
XGBoost,5,19,0.7527121261298476
XGBoost,5,20,0.7512774517614429
ExtraTrees,1,1,0.764206443841589
ExtraTrees,1,2,0.7743073093035863
ExtraTrees,1,3,0.7626222127339028
ExtraTrees,1,4,0.7603597692949889
ExtraTrees,1,5,0.7666271223605549
ExtraTrees,1,6,0.7609211133038385
ExtraTrees,1,7,0.7752088442706463
ExtraTrees,1,8,0.7661048308851733
ExtraTrees,1,9,0.7752088442706463
ExtraTrees,1,10,0.7551868996396175
ExtraTrees,1,11,0.7699211312390761
ExtraTrees,1,12,0.7732909309603277
ExtraTrees,1,13,0.7760930225561647
ExtraTrees,1,14,0.7773824793556737
ExtraTrees,1,15,0.7759695008391955
ExtraTrees,1,16,0.76833892507757
ExtraTrees,1,17,0.7710458442029551
ExtraTrees,1,18,0.7773781401852884
ExtraTrees,1,19,0.7735705181721565
ExtraTrees,1,20,0.7710348516379789
ExtraTrees,2,1,0.7843520548285999
ExtraTrees,2,2,0.7826746761966419
ExtraTrees,2,3,0.7871302809873174
ExtraTrees,2,4,0.7789623712929744
ExtraTrees,2,5,0.7873295935470171
ExtraTrees,2,6,0.7869568588109169
ExtraTrees,2,7,0.7833443548261121
ExtraTrees,2,8,0.7804404373652326
ExtraTrees,2,9,0.7892171326646382
ExtraTrees,2,10,0.7863262327149148
ExtraTrees,2,11,0.7909964818006516
ExtraTrees,2,12,0.7909964818006516
ExtraTrees,2,13,0.7909964818006516
ExtraTrees,2,14,0.7848917029855228
ExtraTrees,2,15,0.7860250942901725
ExtraTrees,2,16,0.7874272248806874
ExtraTrees,2,17,0.7920063513883321
ExtraTrees,2,18,0.789973594701815
ExtraTrees,2,19,0.7865170115728567
ExtraTrees,2,20,0.7843911073620679
ExtraTrees,3,1,0.7919043808842766
ExtraTrees,3,2,0.7966698024404651
ExtraTrees,3,3,0.7915034415406715
ExtraTrees,3,4,0.7891153067995957
ExtraTrees,3,5,0.7814783669214048
ExtraTrees,3,6,0.7959720638425031
ExtraTrees,3,7,0.7811705751020718
ExtraTrees,3,8,0.7958485421255338
ExtraTrees,3,9,0.7995932461680786
ExtraTrees,3,10,0.7931417676391614
ExtraTrees,3,11,0.7858146445264836
ExtraTrees,3,12,0.7961605284762395
ExtraTrees,3,13,0.7952741806055282
ExtraTrees,3,14,0.7921926464368757
ExtraTrees,3,15,0.7841742934818141
ExtraTrees,3,16,0.7981954547479492
ExtraTrees,3,17,0.7981954547479492
ExtraTrees,3,18,0.7995932461680786
ExtraTrees,3,19,0.7972593510568194
ExtraTrees,3,20,0.7817449366220773
ExtraTrees,4,1,0.783430993594806
ExtraTrees,4,2,0.7810189934166107
ExtraTrees,4,3,0.7785983148976449
ExtraTrees,4,4,0.7763553977254647
ExtraTrees,4,5,0.7840095496461842
ExtraTrees,4,6,0.7754777281955242
ExtraTrees,4,7,0.7858364850174232
ExtraTrees,4,8,0.7738524196081903
ExtraTrees,4,9,0.7777358324640528
ExtraTrees,4,10,0.7846922457868102
ExtraTrees,4,11,0.779064197158017
ExtraTrees,4,12,0.7849262717095926
ExtraTrees,4,13,0.779064197158017
ExtraTrees,4,14,0.781372201885977
ExtraTrees,4,15,0.7849262717095926
ExtraTrees,4,16,0.7821393672101044
ExtraTrees,4,17,0.7858364850174232
ExtraTrees,4,18,0.7840095496461842
ExtraTrees,4,19,0.7871389593280882
ExtraTrees,4,20,0.7871389593280882
ExtraTrees,5,1,0.78338543230576
ExtraTrees,5,2,0.7874292498268671
ExtraTrees,5,3,0.7753236876468449
ExtraTrees,5,4,0.780286541455566
ExtraTrees,5,5,0.7801997580478593
ExtraTrees,5,6,0.775880692485309
ExtraTrees,5,7,0.76936861021001
ExtraTrees,5,8,0.7820006583967865
ExtraTrees,5,9,0.7750268883924877
ExtraTrees,5,10,0.7873881723472191
ExtraTrees,5,11,0.7808542495809808
ExtraTrees,5,12,0.7897763070882952
ExtraTrees,5,13,0.7911610809972686
ExtraTrees,5,14,0.7859383108824657
ExtraTrees,5,15,0.7864432456763059
ExtraTrees,5,16,0.7910180330135654
ExtraTrees,5,17,0.7853033456160783
ExtraTrees,5,18,0.7926715462084041
ExtraTrees,5,19,0.7804836844300732
ExtraTrees,5,20,0.7850129104782866
